{
    "batch_size": 128,
    "home_path": "/home/f-tomita/shared/sleep_eeg/AutoSleepScorer/sleepscorer",
    "input_len": 5,
    "input_shape": [
        100,
        5
    ],
    "isTrain": false,
    "label_set": {
        "num_label": 3,
        "sets": {
            "Movement_time": 0,
            "Sleep_stage_1": 2,
            "Sleep_stage_2": 2,
            "Sleep_stage_3": 2,
            "Sleep_stage_4": 2,
            "Sleep_stage_?": 0,
            "Sleep_stage_R": 1,
            "Sleep_stage_W": 0
        }
    },
    "label_set_index": "easy",
    "loss": "categorical_crossentropy",
    "model_type": "CNN2",
    "n_epochs": 3,
    "output_len": 3,
    "test_rate": 0.1,
    "time_window": 100
}